PERMNO,date,RET
1,1991-12-31,0.156757
1,1992-01-31,-0.034268
1,1992-02-29,0.054839
1,1992-03-31,0.003425
1,1992-04-30,0.015291
1,1992-05-31,0.060241
1,1992-06-30,-0.087727
1,1992-07-31,0.046875
1,1992-08-31,0.026866
1,1992-09-30,-0.054884
1,1992-10-31,0.003086
1,1992-11-30,-0.018092
1,1992-12-31,0.053459
1,1993-01-31,0.01194
1,1993-02-28,0.0
1,1993-03-31,0.009912
1,1993-04-30,-0.076246
1,1993-05-31,0.053968
1,1993-06-30,0.040241
1,1993-07-31,0.005814
1,1993-08-31,0.00289
1,1993-09-30,-0.022017
1,1993-10-31,0.026627
1,1993-11-30,-0.027781
1,1993-12-31,0.0625
1,1994-01-31,-0.084034
1,1994-02-28,0.042813
1,1994-03-31,-0.042346
1,1994-04-30,0.027692
1,1994-05-31,-0.035928
1,1994-06-30,0.014161
1,1994-07-31,0.092308
1,1994-08-31,0.03662
1,1994-09-30,0.061304
1,1994-10-31,0.03599
1,1994-11-30,0.018759
1,1994-12-31,0.007335
1,1995-01-31,0.019417
1,1995-02-28,0.047619
1,1995-03-31,0.029
1,1995-04-30,0.031042
1,1995-05-31,0.060215
1,1995-06-30,0.038053
1,1995-07-31,0.029412
1,1995-08-31,-0.020952
1,1995-09-30,0.077354
1,1995-10-31,0.041667
1,1995-11-30,0.056974
1,1995-12-31,-0.019802
1,1996-01-31,0.015152
1,1996-02-29,0.07131
1,1996-03-31,0.027864
1,1996-04-30,-0.015106
1,1996-05-31,0.128834
1,1996-06-30,0.067935
1,1996-07-31,-0.043367
1,1996-08-31,0.072
1,1996-09-30,0.014925
1,1996-10-31,-0.007371
1,1996-11-30,0.014851
1,1996-12-31,0.02934
1,1997-01-31,0.099762
1,1997-02-28,0.053996
1,1997-03-31,-0.08377
1,1997-04-30,0.141256
1,1997-05-31,0.076621
1,1997-06-30,-0.005255
1,1997-07-31,0.016544
1,1997-08-31,-0.170886
1,1997-09-30,0.066783
1,1997-10-31,-0.071721
1,1997-11-30,0.106225
1,1997-12-31,0.067
1,1998-01-31,-0.029053
1,1998-02-28,0.059846
1,1998-03-31,0.130601
1,1998-04-30,-0.020178
1,1998-05-31,0.032949
1,1998-06-30,0.092823
1,1998-07-31,-0.05848
1,1998-08-31,-0.190994
1,1998-09-30,-0.11286
1,1998-10-31,0.172451
1,1998-11-30,0.039223
1,1998-12-31,-0.043711
1,1999-01-31,-0.025187
1,1999-02-28,-0.02201
1,1999-03-31,-0.036634
1,1999-04-30,0.108961
1,1999-05-31,0.006428
1,1999-06-30,-0.092555
1,1999-07-31,-0.023185
1,1999-08-31,-0.012384
1,1999-09-30,-0.190637
1,1999-10-31,0.222798
1,1999-11-30,0.141483
1,1999-12-31,-0.133023
1,2000-01-31,-0.013948
1,2000-02-29,-0.153428
1,2000-03-31,-0.031208
1,2000-04-30,0.006658
1,2000-05-31,0.12963
1,2000-06-30,0.079297
1,2000-07-31,0.067465
1,2000-08-31,-0.141692
1,2000-09-30,0.050736
1,2000-10-31,0.095238
1,2000-11-30,0.040083
1,2000-12-31,-0.026946
1,2001-01-31,-0.048205
1,2001-02-28,-0.08569
1,2001-03-31,-0.145012
1,2001-04-30,0.022808
1,2001-05-31,0.026196
1,2001-06-30,-0.046835
1,2001-07-31,-0.008889
1,2001-08-31,0.091256
1,2001-09-30,-0.033696
1,2001-10-31,0.021985
1,2001-11-30,-0.015455
1,2001-12-31,0.004046
1,2002-01-31,-0.07211
1,2002-02-28,0.0832
1,2002-03-31,0.106985
1,2002-04-30,0.062189
1,2002-05-31,0.000901
1,2002-06-30,0.011519
1,2002-07-31,-0.108214
1,2002-08-31,0.021225
1,2002-09-30,-0.055686
1,2002-10-31,-0.030859
1,2002-11-30,-0.013769
1,2002-12-31,-0.039439
1,2003-01-31,-0.077099
1,2003-02-28,-0.005932
1,2003-03-31,0.011934
1,2003-04-30,-0.001976
1,2003-05-31,0.12797
1,2003-06-30,0.023261
1,2003-07-31,-0.031028
1,2003-08-31,-0.032244
1,2003-09-30,-0.007813
1,2003-10-31,0.080075
1,2003-11-30,0.006897
1,2003-12-31,0.091398
1,2004-01-31,-0.029754
1,2004-02-29,0.014622
1,2004-03-31,0.011809
1,2004-04-30,0.005368
1,2004-05-31,0.015424
1,2004-06-30,-0.012074
1,2004-07-31,-0.131141
1,2004-08-31,0.01938
1,2004-09-30,-0.098636
1,2004-10-31,0.015231
1,2004-11-30,-0.027054
1,2004-12-31,0.059272
1,2005-01-31,-0.003602
1,2005-02-28,0.031574
1,2005-03-31,-0.01986
1,2005-04-30,0.042477
1,2005-05-31,0.027394
1,2005-06-30,-0.058257
1,2005-07-31,0.048144
1,2005-08-31,0.005484
1,2005-09-30,-0.012045
1,2005-10-31,-0.009493
1,2005-11-30,0.004441
1,2005-12-31,-0.055751
1,2006-01-31,0.026544
1,2006-02-28,0.014258
1,2006-03-31,0.005004
1,2006-04-30,0.00215
1,2006-05-31,0.049333
1,2006-06-30,-0.015898
1,2006-07-31,0.034403
1,2006-08-31,0.006966
1,2006-09-30,0.004017
1,2006-10-31,0.045658
1,2006-11-30,0.00899
1,2006-12-31,0.030322
1,2007-01-31,-0.007668
1,2007-02-28,-0.025063
1,2007-03-31,0.035561
1,2007-04-30,0.087292
1,2007-05-31,0.015329
1,2007-06-30,-0.006416
1,2007-07-31,-0.003823
1,2007-08-31,0.032048
1,2007-09-30,0.074935
1,2007-10-31,0.074648
1,2007-11-30,0.01101
1,2007-12-31,-0.011755
1,2008-01-31,-0.038618
1,2008-02-29,-0.009153
1,2008-03-31,0.047725
1,2008-04-30,-0.032857
1,2008-05-31,-0.027348
1,2008-06-30,-0.085575
1,2008-07-31,-0.009234
1,2008-08-31,0.011068
1,2008-09-30,0.022854
1,2008-10-31,-0.166793
1,2008-11-30,0.072401
1,2008-12-31,-0.034137
1,2009-01-31,-0.056329
1,2009-02-28,-0.043773
1,2009-03-31,0.085924
1,2009-04-30,-0.020478
1,2009-05-31,0.141928
1,2009-06-30,-0.01546
1,2009-07-31,0.03855
1,2009-08-31,-0.021469
1,2009-09-30,0.109494
1,2009-10-31,-0.007263
1,2009-11-30,0.08066
1,2009-12-31,-0.003497
1,2010-01-31,-0.048246
1,2010-02-28,-0.028203
1,2010-03-31,0.051593
1,2010-04-30,-0.028182
1,2010-05-31,-0.038354
1,2010-06-30,-0.016342
1,2010-07-31,0.099561
1,2010-08-31,0.014017
1,2010-09-30,0.055071
1,2010-10-31,0.047847
1,2010-11-30,0.037345
1,2010-12-31,0.041159
1,2011-01-31,-0.044397
1,2011-02-28,0.017025
1,2011-03-31,0.045213
1,2011-04-30,0.016883
1,2011-05-31,-0.009635
1,2011-06-30,0.014219
1,2011-07-31,0.0107
1,2011-08-31,0.035877
1,2011-09-30,-0.034351
1,2011-10-31,0.011249
1,2011-11-30,-0.009075
1,2011-12-31,0.040756
1,2012-01-31,-0.034872
1,2012-02-29,0.034503
1,2012-03-31,0.066705
1,2012-04-30,0.031212
1,2012-05-31,-0.020833
1,2012-06-30,0.053125
1,2012-07-31,0.03338
1,2012-08-31,-0.074257
1,2012-09-30,0.020989
1,2012-10-31,-0.019773
1,2012-11-30,0.026762
1,2012-12-31,-0.04404
1,2013-01-31,0.02731
1,2013-02-28,0.039742
1,2013-03-31,0.051653
1,2013-04-30,0.046736
1,2013-05-31,-0.05528
1,2013-06-30,0.010002
1,2013-07-31,-0.000748
1,2013-08-31,-0.047405
1,2013-09-30,-0.000524
1,2013-10-31,0.044615
1,2013-11-30,0.022744
1,2013-12-31,0.027868
1,2014-01-31,-0.084483
1,2014-02-28,0.010048
1,2014-03-31,0.020026
1,2014-04-30,0.055096
1,2014-05-31,0.002942
1,2014-06-30,0.042899
1,2014-07-31,-0.072474
1,2014-08-31,0.061848
1,2014-09-30,0.029842
1,2014-10-31,-0.018284
1,2014-11-30,0.077722
1,2014-12-31,-0.05822
1,2015-01-31,-0.02487
1,2015-02-28,0.051737
1,2015-03-31,-0.055889
1,2015-04-30,0.000247
1,2015-05-31,0.009862
1,2015-06-30,-0.03418
1,2015-07-31,0.047158
1,2015-08-31,-0.042843
1,2015-09-30,0.028739
1,2015-10-31,0.055583
1,2015-11-30,0.014168
1,2015-12-31,0.007977
1,2016-01-31,-0.000931
1,2016-02-29,0.004893
1,2016-03-31,0.0837
1,2016-04-30,-0.034275
1,2016-05-31,-0.004464
1,2016-06-30,0.024215
1,2016-07-31,-0.037503
1,2016-08-31,-0.004584
1,2016-09-30,-0.017499
1,2016-10-31,0.00189
1,2016-11-30,-0.040094
1,2016-12-31,0.027509
1,2017-01-31,0.002653
1,2017-02-28,0.009382
1,2017-03-31,0.020257
1,2017-04-30,0.01673
1,2017-05-31,0.053766
1,2017-06-30,-0.005498
1,2017-07-31,0.022074
1,2017-08-31,-0.006326
1,2017-09-30,-0.003732
1,2017-10-31,0.021551
1,2017-11-30,0.00348
1,2017-12-31,0.002403
1,2018-01-31,0.037271
1,2018-02-28,-0.091826
1,2018-03-31,0.013882
1,2018-04-30,-0.005066
1,2018-05-31,-0.00486
1,2018-06-30,0.02907
1,2018-07-31,0.063156
1,2018-08-31,-0.044178
1,2018-09-30,0.045098
1,2018-10-31,0.036588
1,2018-11-30,0.060777
1,2018-12-31,-0.060516
1,2019-01-31,0.016473
1,2019-02-28,-0.057968
1,2019-03-31,0.042347
1,2019-04-30,0.046948
1,2019-05-31,0.001427
1,2019-06-30,0.044576
1,2019-07-31,0.033582
1,2019-08-31,0.045791
1,2019-09-30,-0.003634
1,2019-10-31,-0.000184
1,2019-11-30,-0.011574
1,2019-12-31,0.036517
1,2020-01-31,0.055104
1,2020-02-29,-0.084075
1,2020-03-31,-0.165078
1,2020-04-30,0.037062
1,2020-05-31,0.017215
1,2020-06-30,-0.034062
1,2020-07-31,0.057296
1,2020-08-31,0.048476
1,2020-09-30,0.005047
1,2020-10-31,-0.026534
1,2020-11-30,0.082189
1,2020-12-31,0.062791
1,2021-01-31,-0.121991
1,2021-02-28,0.017445
1,2021-03-31,0.084507
1,2021-04-30,0.024094
1,2021-05-31,0.024268
1,2021-06-30,-0.013746
1,2021-07-31,0.053964
1,2021-08-31,-0.012625
1,2021-09-30,-0.060735
1,2021-10-31,0.074328
1,2021-11-30,-0.06209
1,2021-12-31,0.128885
2,1991-12-31,-0.060976
2,1992-01-31,0.121212
2,1992-02-29,0.170656
2,1992-03-31,-0.023333
2,1992-04-30,0.133106
2,1992-05-31,-0.039157
2,1992-06-30,0.11348
2,1992-07-31,-0.053977
2,1992-08-31,-0.158559
2,1992-09-30,-0.072202
2,1992-10-31,-0.042802
2,1992-11-30,0.055285
2,1992-12-31,0.0
2,1993-01-31,0.170543
2,1993-02-28,-0.007947
2,1993-03-31,0.010067
2,1993-04-30,0.086379
2,1993-05-31,-0.013456
2,1993-06-30,0.109034
2,1993-07-31,0.089888
2,1993-08-31,-0.029381
2,1993-09-30,-0.109333
2,1993-10-31,0.140719
2,1993-11-30,0.111811
2,1993-12-31,0.040284
2,1994-01-31,0.116173
2,1994-02-28,-0.045714
2,1994-03-31,-0.075107
2,1994-04-30,0.053364
2,1994-05-31,-0.049339
2,1994-06-30,-0.065116
2,1994-07-31,0.022388
2,1994-08-31,-0.018005
2,1994-09-30,-0.067164
2,1994-10-31,-0.157333
2,1994-11-30,-0.029747
2,1994-12-31,0.104918
2,1995-01-31,-0.077151
2,1995-02-28,0.101608
2,1995-03-31,0.032258
2,1995-04-30,0.025568
2,1995-05-31,0.07036
2,1995-06-30,-0.023438
2,1995-07-31,0.04
2,1995-08-31,-0.027179
2,1995-09-30,-0.005305
2,1995-10-31,-0.066667
2,1995-11-30,0.115429
2,1995-12-31,0.090206
2,1996-01-31,-0.004728
2,1996-02-29,-0.018527
2,1996-03-31,0.039024
2,1996-04-30,0.018779
2,1996-05-31,0.023502
2,1996-06-30,-0.049887
2,1996-07-31,-0.069212
2,1996-08-31,0.026154
2,1996-09-30,-0.032746
2,1996-10-31,0.117188
2,1996-11-30,0.082051
2,1996-12-31,-0.032538
2,1997-01-31,0.058296
2,1997-02-28,-0.010593
2,1997-03-31,-0.043197
2,1997-04-30,0.045147
2,1997-05-31,0.0
2,1997-06-30,-0.028322
2,1997-07-31,0.109865
2,1997-08-31,0.022222
2,1997-09-30,0.066733
2,1997-10-31,-0.041083
2,1997-11-30,-0.042843
2,1997-12-31,0.058036
2,1998-01-31,-0.046296
2,1998-02-28,0.19849
2,1998-03-31,-0.017226
2,1998-04-30,-0.005535
2,1998-05-31,0.074212
2,1998-06-30,-0.070435
2,1998-07-31,0.08232
2,1998-08-31,-0.189283
2,1998-09-30,-0.055914
2,1998-10-31,0.151481
2,1998-11-30,0.113749
2,1998-12-31,0.02415
2,1999-01-31,0.254148
2,1999-02-28,-0.074513
2,1999-03-31,0.054353
2,1999-04-30,0.023707
2,1999-05-31,-0.071253
2,1999-06-30,-0.043478
2,1999-07-31,-0.073864
2,1999-08-31,0.092025
2,1999-09-30,-0.05
2,1999-10-31,0.119166
2,1999-11-30,0.029281
2,1999-12-31,0.009549
2,2000-01-31,0.108341
2,2000-02-29,-0.049651
2,2000-03-31,0.088743
2,2000-04-30,0.130566
2,2000-05-31,-0.24032
2,2000-06-30,-0.177876
2,2000-07-31,-0.019376
2,2000-08-31,0.276619
2,2000-09-30,-0.099567
2,2000-10-31,-0.044231
2,2000-11-30,-0.195171
2,2000-12-31,0.02904
2,2001-01-31,0.054233
2,2001-02-28,0.002235
2,2001-03-31,-0.027569
2,2001-04-30,0.057088
2,2001-05-31,0.047254
2,2001-06-30,0.130931
2,2001-07-31,-0.011655
2,2001-08-31,-0.131289
2,2001-09-30,-0.216438
2,2001-10-31,-0.03683
2,2001-11-30,0.214908
2,2001-12-31,-0.022133
2,2002-01-31,0.052263
2,2002-02-28,0.045757
2,2002-03-31,0.140997
2,2002-04-30,0.061208
2,2002-05-31,-0.023383
2,2002-06-30,-0.139984
2,2002-07-31,-0.129093
2,2002-08-31,0.038883
2,2002-09-30,-0.187213
2,2002-10-31,-0.145244
2,2002-11-30,0.209023
2,2002-12-31,-0.071537
2,2003-01-31,-0.014379
2,2003-02-28,-0.056702
2,2003-03-31,-0.004442
2,2003-04-30,0.072278
2,2003-05-31,-0.006103
2,2003-06-30,0.018964
2,2003-07-31,0.039722
2,2003-08-31,0.111408
2,2003-09-30,-0.004136
2,2003-10-31,0.042512
2,2003-11-30,0.014296
2,2003-12-31,0.248247
2,2004-01-31,-0.069663
2,2004-02-29,-0.021337
2,2004-03-31,-0.021197
2,2004-04-30,0.006794
2,2004-05-31,-0.032265
2,2004-06-30,0.026438
2,2004-07-31,-0.07405
2,2004-08-31,-0.03083
2,2004-09-30,0.028322
2,2004-10-31,-0.092514
2,2004-11-30,0.014008
2,2004-12-31,0.038093
2,2005-01-31,-0.081128
2,2005-02-28,-0.01793
2,2005-03-31,-0.175596
2,2005-04-30,-0.092208
2,2005-05-31,0.200525
2,2005-06-30,0.078338
2,2005-07-31,0.082941
2,2005-08-31,-0.057849
2,2005-09-30,-0.104709
2,2005-10-31,-0.104868
2,2005-11-30,-0.182482
2,2005-12-31,-0.113242
2,2006-01-31,0.238929
2,2006-02-28,-0.14547
2,2006-03-31,0.047267
2,2006-04-30,0.075693
2,2006-05-31,0.187937
2,2006-06-30,0.106201
2,2006-07-31,0.081907
2,2006-08-31,-0.086876
2,2006-09-30,0.139822
2,2006-10-31,0.04991
2,2006-11-30,-0.155785
2,2006-12-31,0.050975
2,2007-01-31,0.06901
2,2007-02-28,-0.021011
2,2007-03-31,-0.039498
2,2007-04-30,0.019256
2,2007-05-31,-0.0317
2,2007-06-30,0.26042
2,2007-07-31,-0.142857
2,2007-08-31,-0.043519
2,2007-09-30,0.193884
2,2007-10-31,0.067847
2,2007-11-30,-0.232457
2,2007-12-31,-0.165605
2,2008-01-31,0.133387
2,2008-02-29,-0.165899
2,2008-03-31,-0.181701
2,2008-04-30,0.217848
2,2008-05-31,-0.252155
2,2008-06-30,-0.327485
2,2008-07-31,-0.037391
2,2008-08-31,-0.096658
2,2008-09-30,-0.055
2,2008-10-31,-0.387302
2,2008-11-30,-0.094991
2,2008-12-31,-0.389313
2,2009-01-31,-0.059375
2,2009-02-28,-0.252492
2,2009-03-31,-0.137778
2,2009-04-30,-0.010309
2,2009-05-31,-0.609375
2,2009-06-30,
3,1991-12-31,0.110837
3,1992-01-31,0.148559
3,1992-02-29,0.044324
3,1992-03-31,-0.137037
3,1992-04-30,0.032189
3,1992-05-31,-0.006237
3,1992-06-30,-0.194644
3,1992-07-31,-0.026042
3,1992-08-31,-0.013476
3,1992-09-30,-0.019022
3,1992-10-31,0.163435
3,1992-11-30,0.097524
3,1992-12-31,0.03913
3,1993-01-31,-0.004184
3,1993-02-28,-0.107227
3,1993-03-31,-0.028302
3,1993-04-30,-0.004854
3,1993-05-31,0.10722
3,1993-06-30,-0.302428
3,1993-07-31,-0.297468
3,1993-08-31,-0.040721
3,1993-09-30,-0.117925
3,1993-10-31,0.315508
3,1993-11-30,0.028293
3,1993-12-31,-0.071429
3,1994-01-31,0.119658
3,1994-02-28,0.118168
3,1994-03-31,-0.089041
3,1994-04-30,-0.097744
3,1994-05-31,-0.021
3,1994-06-30,-0.094017
3,1994-07-31,0.271226
3,1994-08-31,0.077774
3,1994-09-30,-0.069085
3,1994-10-31,0.282004
3,1994-11-30,-0.134703
3,1994-12-31,0.04698
3,1995-01-31,0.035256
3,1995-02-28,-0.0187
3,1995-03-31,-0.107595
3,1995-04-30,0.085106
3,1995-05-31,0.089739
3,1995-06-30,0.117293
3,1995-07-31,-0.030956
3,1995-08-31,-0.041778
3,1995-09-30,-0.133721
3,1995-10-31,-0.025168
3,1995-11-30,0.053219
3,1995-12-31,-0.163934
3,1996-01-31,-0.133333
3,1996-02-29,-0.004525
3,1996-03-31,-0.106818
3,1996-04-30,-0.007634
3,1996-05-31,0.071795
3,1996-06-30,-0.196172
3,1996-07-31,0.047619
3,1996-08-31,0.102273
3,1996-09-30,-0.085052
3,1996-10-31,0.03662
3,1996-11-30,0.048913
3,1996-12-31,-0.134715
3,1997-01-31,-0.203593
3,1997-02-28,-0.022556
3,1997-03-31,0.123077
3,1997-04-30,-0.068493
3,1997-05-31,-0.022059
3,1997-06-30,-0.142857
3,1997-07-31,0.22807
3,1997-08-31,0.242857
3,1997-09-30,-0.002874
3,1997-10-31,-0.214697
3,1997-11-30,0.042202
3,1997-12-31,-0.260563
3,1998-01-31,0.395238
3,1998-02-28,0.290102
3,1998-03-31,0.164021
3,1998-04-30,-0.004545
3,1998-05-31,-0.027397
3,1998-06-30,0.077465
3,1998-07-31,0.206972
3,1998-08-31,-0.099278
3,1998-09-30,0.222445
3,1998-10-31,-0.02623
3,1998-11-30,-0.139731
3,1998-12-31,0.2818
3,1999-01-31,0.006107
3,1999-02-28,-0.15478
3,1999-03-31,0.032316
3,1999-04-30,0.28
3,1999-05-31,-0.04212
3,1999-06-30,0.051064
3,1999-07-31,0.202429
3,1999-08-31,0.171717
3,1999-09-30,-0.029693
3,1999-10-31,0.265548
3,1999-11-30,0.221529
3,1999-12-31,0.050447
3,2000-01-31,0.009119
3,2000-02-29,0.104819
3,2000-03-31,0.184842
3,2000-04-30,-0.086516
3,2000-05-31,-0.322922
3,2000-06-30,0.247024
3,2000-07-31,-0.029833
3,2000-08-31,0.199262
3,2000-09-30,-0.577436
3,2000-10-31,-0.240291
3,2000-11-30,-0.15655
3,2000-12-31,-0.098485
3,2001-01-31,0.453782
3,2001-02-28,-0.156069
3,2001-03-31,0.209315
3,2001-04-30,0.154961
3,2001-05-31,-0.21734
3,2001-06-30,0.165413
3,2001-07-31,-0.191828
3,2001-08-31,-0.012773
3,2001-09-30,-0.163881
3,2001-10-31,0.132173
3,2001-11-30,0.212984
3,2001-12-31,0.028169
3,2002-01-31,0.128767
3,2002-02-28,-0.122168
3,2002-03-31,0.090783
3,2002-04-30,0.025349
3,2002-05-31,-0.039967
3,2002-06-30,-0.239485
3,2002-07-31,-0.138826
3,2002-08-31,-0.033421
3,2002-09-30,-0.016949
3,2002-10-31,0.108276
3,2002-11-30,-0.03547
3,2002-12-31,-0.075484
3,2003-01-31,0.002093
3,2003-02-28,0.045265
3,2003-03-31,-0.057961
3,2003-04-30,0.005658
3,2003-05-31,0.262307
3,2003-06-30,0.061838
3,2003-07-31,0.105981
3,2003-08-31,0.072581
3,2003-09-30,-0.083591
3,2003-10-31,0.10473
3,2003-11-30,-0.086501
3,2003-12-31,0.021999
3,2004-01-31,0.055685
3,2004-02-29,0.060284
3,2004-03-31,0.130435
3,2004-04-30,-0.046598
3,2004-05-31,0.088441
3,2004-06-30,0.159658
3,2004-07-31,-0.006146
3,2004-08-31,0.066481
3,2004-09-30,0.123514
3,2004-10-31,0.352258
3,2004-11-30,0.27958
3,2004-12-31,-0.039523
3,2005-01-31,0.194099
3,2005-02-28,0.16671
3,2005-03-31,-0.07111
3,2005-04-30,-0.134629
3,2005-05-31,0.102587
3,2005-06-30,-0.074179
3,2005-07-31,0.158653
3,2005-08-31,0.099414
3,2005-09-30,0.143314
3,2005-10-31,0.07424
3,2005-11-30,0.177635
3,2005-12-31,0.060012
3,2006-01-31,0.050355
3,2006-02-28,-0.092968
3,2006-03-31,-0.084246
3,2006-04-30,0.12229
3,2006-05-31,-0.150874
3,2006-06-30,-0.041827
3,2006-07-31,0.18666
3,2006-08-31,-0.001619
3,2006-09-30,0.134562
3,2006-10-31,0.053261
3,2006-11-30,0.130488
3,2006-12-31,-0.074405
3,2007-01-31,0.01049
3,2007-02-28,-0.013064
3,2007-03-31,0.098097
3,2007-04-30,0.074158
3,2007-05-31,0.214339
3,2007-06-30,0.007005
3,2007-07-31,0.079646
3,2007-08-31,0.051002
3,2007-09-30,0.108247
3,2007-10-31,0.237701
3,2007-11-30,-0.040695
3,2007-12-31,0.087038
3,2008-01-31,-0.31664
3,2008-02-29,-0.076389
3,2008-03-31,0.147816
3,2008-04-30,0.212195
3,2008-05-31,0.085082
3,2008-06-30,-0.112901
3,2008-07-31,-0.050705
3,2008-08-31,0.066562
3,2008-09-30,-0.329558
3,2008-10-31,-0.053405
3,2008-11-30,-0.138675
3,2008-12-31,-0.07899
3,2009-01-31,0.056005
3,2009-02-28,-0.009098
3,2009-03-31,0.177024
3,2009-04-30,0.197013
3,2009-05-31,0.079313
3,2009-06-30,0.048745
3,2009-07-31,0.14716
3,2009-08-31,0.0295
3,2009-09-30,0.101896
3,2009-10-31,0.016995
3,2009-11-30,0.060531
3,2009-12-31,0.054134
3,2010-01-31,-0.088591
3,2010-02-28,0.06538
3,2010-03-31,0.14847
3,2010-04-30,0.111021
3,2010-05-31,-0.016125
3,2010-06-30,-0.020827
3,2010-07-31,0.022741
3,2010-08-31,-0.055005
3,2010-09-30,0.167215
3,2010-10-31,0.060723
3,2010-11-30,0.03379
3,2010-12-31,0.03667
3,2011-01-31,0.051959
3,2011-02-28,0.040935
3,2011-03-31,-0.013314
3,2011-04-30,0.004656
3,2011-05-31,-0.006569
3,2011-06-30,-0.03496
3,2011-07-31,0.163285
3,2011-08-31,-0.014469
3,2011-09-30,-0.009121
3,2011-10-31,0.061523
3,2011-11-30,-0.055783
3,2011-12-31,0.059655
3,2012-01-31,0.127111
3,2012-02-29,0.188311
3,2012-03-31,0.105284
3,2012-04-30,-0.025969
3,2012-05-31,-0.010702
3,2012-06-30,0.010853
3,2012-07-31,0.045822
3,2012-08-31,0.093539
3,2012-09-30,0.002803
3,2012-10-31,-0.107607
3,2012-11-30,-0.012413
3,2012-12-31,-0.090738
3,2013-01-31,-0.144094
3,2013-02-28,-0.025116
3,2013-03-31,0.002855
3,2013-04-30,0.000271
3,2013-05-31,0.022596
3,2013-06-30,-0.118303
3,2013-07-31,0.141225
3,2013-08-31,0.083389
3,2013-09-30,-0.021481
3,2013-10-31,0.096386
3,2013-11-30,0.069673
3,2013-12-31,0.008902
3,2014-01-31,-0.107697
3,2014-02-28,0.057311
3,2014-03-31,0.019953
3,2014-04-30,0.099396
3,2014-05-31,0.078293
3,2014-06-30,0.027662
3,2014-07-31,0.028731
3,2014-08-31,0.077092
3,2014-09-30,-0.017073
3,2014-10-31,0.07196
3,2014-11-30,0.105556
3,2014-12-31,-0.071891
3,2015-01-31,0.061424
3,2015-02-28,0.100461
3,2015-03-31,-0.031372
3,2015-04-30,0.005786
3,2015-05-31,0.045146
3,2015-06-30,-0.037266
3,2015-07-31,-0.032888
3,2015-08-31,-0.066117
3,2015-09-30,-0.021816
3,2015-10-31,0.083409
3,2015-11-30,-0.00569
3,2015-12-31,-0.110228
3,2016-01-31,-0.075242
3,2016-02-29,-0.001335
3,2016-03-31,0.127211
3,2016-04-30,-0.139921
3,2016-05-31,0.071368
3,2016-06-30,-0.04266
3,2016-07-31,0.090063
3,2016-08-31,0.023606
3,2016-09-30,0.065504
3,2016-10-31,0.004334
3,2016-11-30,-0.021578
3,2016-12-31,0.047955
3,2017-01-31,0.047746
3,2017-02-28,0.133581
3,2017-03-31,0.04869
3,2017-04-30,-7e-05
3,2017-05-31,0.067804
3,2017-06-30,-0.057214
3,2017-07-31,0.032704
3,2017-08-31,0.106905
3,2017-09-30,-0.060244
3,2017-10-31,0.096808
3,2017-11-30,0.02035
3,2017-12-31,-0.015246
3,2018-01-31,-0.010636
3,2018-02-28,0.06761
3,2018-03-31,-0.058051
3,2018-04-30,-0.01502
3,2018-05-31,0.135181
3,2018-06-30,-0.009418
3,2018-07-31,0.027983
3,2018-08-31,0.200063
3,2018-09-30,-0.008303
3,2018-10-31,-0.030478
3,2018-11-30,-0.180709
3,2018-12-31,-0.116698
3,2019-01-31,0.055154
3,2019-02-28,0.044701
3,2019-03-31,0.097026
3,2019-04-30,0.056436
3,2019-05-31,-0.123735
3,2019-06-30,0.130519
3,2019-07-31,0.076394
3,2019-08-31,-0.01657
3,2019-09-30,0.072962
3,2019-10-31,0.110684
3,2019-11-30,0.077424
3,2019-12-31,0.098784
3,2020-01-31,0.05401
3,2020-02-29,-0.11431
3,2020-03-31,-0.069761
3,2020-04-30,0.155374
3,2020-05-31,0.084956
3,2020-06-30,0.147386
3,2020-07-31,0.165132
3,2020-08-31,0.216309
3,2020-09-30,-0.102526
3,2020-10-31,-0.060012
3,2020-11-30,0.09549
3,2020-12-31,0.114574
3,2021-01-31,-0.005502
3,2021-02-28,-0.079532
3,2021-03-31,0.00734
3,2021-04-30,0.076218
3,2021-05-31,-0.050434
3,2021-06-30,0.099109
3,2021-07-31,0.064982
3,2021-08-31,0.042438
3,2021-09-30,-0.068037
3,2021-10-31,0.058657
3,2021-11-30,0.10494
3,2021-12-31,0.074229
4,1991-12-31,0.130112
4,1992-01-31,0.144737
4,1992-02-29,-0.066839
4,1992-03-31,-0.015432
4,1992-04-30,0.112853
4,1992-05-31,0.058592
4,1992-06-30,-0.018667
4,1992-07-31,-0.046196
4,1992-08-31,-0.02906
4,1992-09-30,0.044118
4,1992-10-31,0.033803
4,1992-11-30,0.0703
4,1992-12-31,-0.005102
4,1993-01-31,-0.002564
4,1993-02-28,0.043188
4,1993-03-31,0.044444
4,1993-04-30,-0.089835
4,1993-05-31,0.033766
4,1993-06-30,-0.010402
4,1993-07-31,0.048346
4,1993-08-31,0.045777
4,1993-09-30,-0.034884
4,1993-10-31,0.110843
4,1993-11-30,0.019219
4,1993-12-31,-0.027719
4,1994-01-31,0.065789
4,1994-02-28,-0.000288
4,1994-03-31,-0.061856
4,1994-04-30,0.054945
4,1994-05-31,0.033333
4,1994-06-30,-0.066613
4,1994-07-31,-0.060606
4,1994-08-31,0.043687
4,1994-09-30,-0.066372
4,1994-10-31,0.094787
4,1994-11-30,-0.015238
4,1994-12-31,0.030837
4,1995-01-31,0.115385
4,1995-02-28,0.020996
4,1995-03-31,0.026316
4,1995-04-30,0.025641
4,1995-05-31,0.084071
4,1995-06-30,0.033003
4,1995-07-31,-0.01278
4,1995-08-31,-0.053269
4,1995-09-30,0.047945
4,1995-10-31,0.071895
4,1995-11-30,0.090061
4,1995-12-31,0.011204
4,1996-01-31,0.113573
4,1996-02-29,-0.003632
4,1996-03-31,-0.04
4,1996-04-30,-0.002604
4,1996-05-31,0.006789
4,1996-06-30,-0.028571
4,1996-07-31,-0.008021
4,1996-08-31,0.001617
4,1996-09-30,0.021563
4,1996-10-31,-0.060686
4,1996-11-30,0.052247
4,1996-12-31,-0.029412
4,1997-01-31,0.002755
4,1997-02-28,-0.047802
4,1997-03-31,0.092486
4,1997-04-30,0.132275
4,1997-05-31,-0.059206
4,1997-06-30,-0.038557
4,1997-07-31,0.112549
4,1997-08-31,-0.118233
4,1997-09-30,0.006605
4,1997-10-31,-0.059055
4,1997-11-30,0.084128
4,1997-12-31,-0.015464
4,1998-01-31,-0.013089
4,1998-02-28,0.159576
4,1998-03-31,0.099656
4,1998-04-30,0.03125
4,1998-05-31,0.062061
4,1998-06-30,0.051429
4,1998-07-31,-0.031703
4,1998-08-31,-0.154874
4,1998-09-30,0.058758
4,1998-10-31,0.12356
4,1998-11-30,0.046076
4,1998-12-31,0.096343
4,1999-01-31,0.026037
4,1999-02-28,0.078509
4,1999-03-31,0.067324
4,1999-04-30,-0.064828
4,1999-05-31,-0.090295
4,1999-06-30,0.068182
4,1999-07-31,0.013678
4,1999-08-31,-0.006327
4,1999-09-30,0.045317
4,1999-10-31,-0.046243
4,1999-11-30,0.095127
4,1999-12-31,-0.106648
4,2000-01-31,-0.072868
4,2000-02-29,-0.153846
4,2000-03-31,0.181818
4,2000-04-30,0.018395
4,2000-05-31,-0.059113
4,2000-06-30,-0.080279
4,2000-07-31,-0.043643
4,2000-08-31,-0.051587
4,2000-09-30,0.01046
4,2000-10-31,0.026915
4,2000-11-30,0.035161
4,2000-12-31,0.066667
4,2001-01-31,-0.136765
4,2001-02-28,0.001704
4,2001-03-31,-0.096939
4,2001-04-30,0.035782
4,2001-05-31,0.101091
4,2001-06-30,-0.106341
4,2001-07-31,0.076866
4,2001-08-31,0.030542
4,2001-09-30,-0.096237
4,2001-10-31,-0.039425
4,2001-11-30,0.038166
4,2001-12-31,-0.013785
4,2002-01-31,0.026823
4,2002-02-28,-0.039735
4,2002-03-31,0.063218
4,2002-04-30,0.023423
4,2002-05-31,0.054225
4,2002-06-30,-0.049766
4,2002-07-31,-0.130053
4,2002-08-31,-0.04
4,2002-09-30,-0.256734
4,2002-10-31,0.025481
4,2002-11-30,0.034511
4,2002-12-31,-0.130811
4,2003-01-31,-0.114428
4,2003-02-28,-0.044242
4,2003-03-31,0.062454
4,2003-04-30,0.182573
4,2003-05-31,0.095322
4,2003-06-30,0.17779
4,2003-07-31,0.043064
4,2003-08-31,-0.025641
4,2003-09-30,0.049955
4,2003-10-31,0.062022
4,2003-11-30,0.0412
4,2003-12-31,-0.031213
4,2004-01-31,0.036649
4,2004-02-29,0.099456
4,2004-03-31,0.009541
4,2004-04-30,-0.046902
4,2004-05-31,-0.030481
4,2004-06-30,-0.015152
4,2004-07-31,0.057692
4,2004-08-31,-0.017455
4,2004-09-30,0.03738
4,2004-10-31,0.039957
4,2004-11-30,0.073413
4,2004-12-31,0.042941
4,2005-01-31,0.010293
4,2005-02-28,0.021303
4,2005-03-31,-0.058646
4,2005-04-30,-0.058767
4,2005-05-31,0.055612
4,2005-06-30,-0.103103
4,2005-07-31,0.123243
4,2005-08-31,0.041065
4,2005-09-30,0.032049
4,2005-10-31,-0.056435
4,2005-11-30,0.092405
4,2005-12-31,-0.00384
4,2006-01-31,0.038256
4,2006-02-28,-0.002856
4,2006-03-31,-0.015755
4,2006-04-30,0.006112
4,2006-05-31,-0.040498
4,2006-06-30,0.012964
4,2006-07-31,0.053274
4,2006-08-31,0.014411
4,2006-09-30,0.089694
4,2006-10-31,0.07475
4,2006-11-30,0.025048
4,2006-12-31,0.056231
4,2007-01-31,0.000451
4,2007-02-28,-0.014882
4,2007-03-31,0.031128
4,2007-04-30,0.071698
4,2007-05-31,0.047017
4,2007-06-30,0.004154
4,2007-07-31,-0.056935
4,2007-08-31,0.028828
4,2007-09-30,0.10599
4,2007-10-31,0.096932
4,2007-11-30,0.003684
4,2007-12-31,0.007525
4,2008-01-31,-0.090477
4,2008-02-29,0.016891
4,2008-03-31,0.030678
4,2008-04-30,0.068316
4,2008-05-31,-0.004364
4,2008-06-30,-0.045937
4,2008-07-31,0.063501
4,2008-08-31,0.043235
4,2008-09-30,-0.004839
4,2008-10-31,-0.061102
4,2008-11-30,0.022786
4,2008-12-31,0.058553
4,2009-01-31,-0.067053
4,2009-02-28,-0.090831
4,2009-03-31,0.044402
4,2009-04-30,-0.023456
4,2009-05-31,0.106962
4,2009-06-30,-0.016952
4,2009-07-31,-0.042268
4,2009-08-31,0.030512
4,2009-09-30,0.014758
4,2009-10-31,0.026984
4,2009-11-30,0.088551
4,2009-12-31,-0.012806
4,2010-01-31,-0.00016
4,2010-02-28,0.031555
4,2010-03-31,0.044949
4,2010-04-30,0.058004
4,2010-05-31,-0.044907
4,2010-06-30,-0.014954
4,2010-07-31,0.0586
4,2010-08-31,0.055643
4,2010-09-30,0.019847
4,2010-10-31,0.043752
4,2010-11-30,0.014659
4,2010-12-31,-0.019668
4,2011-01-31,-0.040255
4,2011-02-28,0.035564
4,2011-03-31,0.005417
4,2011-04-30,0.029176
4,2011-05-31,0.049036
4,2011-06-30,0.034094
4,2011-07-31,0.025617
4,2011-08-31,0.052498
4,2011-09-30,-0.028647
4,2011-10-31,0.057276
4,2011-11-30,0.036295
4,2011-12-31,0.050356
4,2012-01-31,-0.012758
4,2012-02-29,0.009389
4,2012-03-31,-0.011886
4,2012-04-30,-0.006626
4,2012-05-31,-0.076039
4,2012-06-30,-0.009066
4,2012-07-31,0.009375
4,2012-08-31,0.009288
4,2012-09-30,0.025254
4,2012-10-31,-0.053951
4,2012-11-30,0.011636
4,2012-12-31,0.013442
4,2013-01-31,0.080263
4,2013-02-28,0.014482
4,2013-03-31,0.03952
4,2013-04-30,0.024576
4,2013-05-31,-0.046994
4,2013-06-30,0.025163
4,2013-07-31,-0.009293
4,2013-08-31,-0.030078
4,2013-09-30,0.019606
4,2013-10-31,0.003222
4,2013-11-30,0.017199
4,2013-12-31,-0.003492
4,2014-01-31,-0.029475
4,2014-02-28,0.019008
4,2014-03-31,0.030268
4,2014-04-30,0.034173
4,2014-05-31,0.008483
4,2014-06-30,-0.006803
4,2014-07-31,-0.061346
4,2014-08-31,-0.000317
4,2014-09-30,0.01163
4,2014-10-31,-0.011391
4,2014-11-30,0.041929
4,2014-12-31,-0.032125
4,2015-01-31,-0.013447
4,2015-02-28,0.079078
4,2015-03-31,-0.014762
4,2015-04-30,-0.009134
4,2015-05-31,0.002382
4,2015-06-30,-0.008965
4,2015-07-31,0.050384
4,2015-08-31,-0.039956
4,2015-09-30,0.03694
4,2015-10-31,0.139247
4,2015-11-30,0.024944
4,2015-12-31,0.034863
4,2016-01-31,0.04774
4,2016-02-29,-0.046049
4,2016-03-31,0.072446
4,2016-04-30,0.006445
4,2016-05-31,-0.035023
4,2016-06-30,-0.0068
4,2016-07-31,-0.022353
4,2016-08-31,-0.00935
4,2016-09-30,-0.002594
4,2016-10-31,-0.024185
4,2016-11-30,0.067869
4,2016-12-31,0.020542
4,2017-01-31,0.006983
4,2017-02-28,0.049115
4,2017-03-31,0.015354
4,2017-04-30,0.079623
4,2017-05-31,0.078325
4,2017-06-30,0.021274
4,2017-07-31,0.012928
4,2017-08-31,0.037192
4,2017-09-30,-0.020566
4,2017-10-31,0.065292
4,2017-11-30,0.036367
4,2017-12-31,0.000872
4,2018-01-31,-0.005694
4,2018-02-28,-0.072397
4,2018-03-31,-0.008622
4,2018-04-30,0.070725
4,2018-05-31,-0.044374
4,2018-06-30,-0.014437
4,2018-07-31,0.005425
4,2018-08-31,0.036181
4,2018-09-30,0.03119
4,2018-10-31,0.057445
4,2018-11-30,0.072188
4,2018-12-31,-0.058034
4,2019-01-31,0.006814
4,2019-02-28,0.034791
4,2019-03-31,0.032963
4,2019-04-30,0.04039
4,2019-05-31,0.009414
4,2019-06-30,0.04736
4,2019-07-31,0.014736
4,2019-08-31,0.039911
4,2019-09-30,-0.014956
4,2019-10-31,-0.083881
4,2019-11-30,-0.004931
4,2019-12-31,0.016094
4,2020-01-31,0.082789
4,2020-02-29,-0.086694
4,2020-03-31,-0.148427
4,2020-04-30,0.134321
4,2020-05-31,5.3e-05
4,2020-06-30,-0.009929
4,2020-07-31,0.053179
4,2020-08-31,0.105466
4,2020-09-30,0.02796
4,2020-10-31,-0.029569
4,2020-11-30,0.026901
4,2020-12-31,-0.013153
4,2021-01-31,-0.03141
4,2021-02-28,-0.001973
4,2021-03-31,0.087319
4,2021-04-30,0.05327
4,2021-05-31,-0.003812
4,2021-06-30,-0.012399
4,2021-07-31,0.050738
4,2021-08-31,-0.016316
4,2021-09-30,0.015371
4,2021-10-31,0.018415
4,2021-11-30,0.001751
4,2021-12-31,0.095953
5,1991-12-31,0.020092
5,1992-01-31,0.317647
5,1992-02-29,0.200893
5,1992-03-31,-0.0171
5,1992-04-30,0.072519
5,1992-05-31,0.039146
5,1992-06-30,0.025342
5,1992-07-31,-0.060606
5,1992-08-31,-0.0681
5,1992-09-30,0.013077
5,1992-10-31,0.05364
5,1992-11-30,0.090909
5,1992-12-31,0.038
5,1993-01-31,0.05178
5,1993-02-28,-0.003077
5,1993-03-31,0.005062
5,1993-04-30,-0.052632
5,1993-05-31,0.003268
5,1993-06-30,0.073746
5,1993-07-31,0.009174
5,1993-08-31,-0.015152
5,1993-09-30,0.115815
5,1993-10-31,-0.108333
5,1993-11-30,-0.040498
5,1993-12-31,0.052078
5,1994-01-31,-0.015576
5,1994-02-28,-0.056962
5,1994-03-31,-0.013289
5,1994-04-30,-0.044674
5,1994-05-31,0.104317
5,1994-06-30,0.01316
5,1994-07-31,-0.003247
5,1994-08-31,0.009772
5,1994-09-30,-0.085419
5,1994-10-31,0.085714
5,1994-11-30,-0.042763
5,1994-12-31,-0.001649
5,1995-01-31,0.087108
5,1995-02-28,0.028846
5,1995-03-31,-0.048224
5,1995-04-30,0.10596
5,1995-05-31,0.10479
5,1995-06-30,0.02439
5,1995-07-31,0.103175
5,1995-08-31,0.128329
5,1995-09-30,0.045064
5,1995-10-31,-0.057495
5,1995-11-30,0.054945
5,1995-12-31,-0.020833
5,1996-01-31,0.148936
5,1996-02-29,0.06903
5,1996-03-31,-0.015707
5,1996-04-30,-0.013333
5,1996-05-31,0.014493
5,1996-06-30,0.008929
5,1996-07-31,-0.008
5,1996-08-31,0.070144
5,1996-09-30,0.077311
5,1996-10-31,0.077192
5,1996-11-30,0.102041
5,1996-12-31,-0.054233
5,1997-01-31,0.041231
5,1997-02-28,0.082432
5,1997-03-31,-0.062422
5,1997-04-30,-0.012037
5,1997-05-31,0.02578
5,1997-06-30,0.027116
5,1997-07-31,0.176381
5,1997-08-31,-0.020914
5,1997-09-30,0.06127
5,1997-10-31,-0.016462
5,1997-11-30,-0.057932
5,1997-12-31,0.006897
5,1998-01-31,-0.015457
5,1998-02-28,0.157434
5,1998-03-31,0.087154
5,1998-04-30,0.032678
5,1998-05-31,-0.018945
5,1998-06-30,0.110805
5,1998-07-31,0.006424
5,1998-08-31,-0.305785
5,1998-09-30,-0.178571
5,1998-10-31,0.325739
5,1998-11-30,0.116612
5,1998-12-31,0.119212
5,1999-01-31,0.088697
5,1999-02-28,0.034931
5,1999-03-31,0.021978
5,1999-04-30,0.018863
5,1999-05-31,-0.122727
5,1999-06-30,0.195164
5,1999-07-31,-0.104364
5,1999-08-31,0.085969
5,1999-09-30,-0.099328
5,1999-10-31,0.162985
5,1999-11-30,-0.108883
5,1999-12-31,-0.000804
5,2000-01-31,0.043894
5,2000-02-29,-0.013168
5,2000-03-31,0.094976
5,2000-04-30,-0.167254
5,2000-05-31,0.035529
5,2000-06-30,-0.074895
5,2000-07-31,0.085645
5,2000-08-31,0.124528
5,2000-09-30,-0.173378
5,2000-10-31,-0.007957
5,2000-11-30,-0.18956
5,2000-12-31,0.232203
5,2001-01-31,0.217277
5,2001-02-28,-0.151482
5,2001-03-31,-0.03772
5,2001-04-30,0.076169
5,2001-05-31,0.024385
5,2001-06-30,-0.092574
5,2001-07-31,-0.021525
5,2001-08-31,-0.090069
5,2001-09-30,-0.133249
5,2001-10-31,0.045388
5,2001-11-30,0.066742
5,2001-12-31,-0.03632
5,2002-01-31,-0.05392
5,2002-02-28,-0.140969
5,2002-03-31,0.218803
5,2002-04-30,-0.005891
5,2002-05-31,0.024217
5,2002-06-30,-0.056467
5,2002-07-31,-0.254127
5,2002-08-31,0.057692
5,2002-09-30,-0.280682
5,2002-10-31,0.110585
5,2002-11-30,0.213012
5,2002-12-31,-0.046484
5,2003-01-31,-0.013333
5,2003-02-28,-0.028278
5,2003-03-31,0.045414
5,2003-04-30,0.252214
5,2003-05-31,0.119591
5,2003-06-30,0.04017
5,2003-07-31,0.035401
5,2003-08-31,-0.02368
5,2003-09-30,0.003215
5,2003-10-31,0.055636
5,2003-11-30,-0.013928
5,2003-12-31,0.037571
5,2004-01-31,0.068064
5,2004-02-29,0.05477
5,2004-03-31,0.022672
5,2004-04-30,-0.09559
5,2004-05-31,-0.020213
5,2004-06-30,0.052389
5,2004-07-31,-0.028372
5,2004-08-31,0.060273
5,2004-09-30,0.00379
5,2004-10-31,-0.019884
5,2004-11-30,-0.024611
5,2004-12-31,0.036122
5,2005-01-31,-0.03435
5,2005-02-28,-0.020895
5,2005-03-31,-0.053352
5,2005-04-30,0.035549
5,2005-05-31,0.007326
5,2005-06-30,-0.012028
5,2005-07-31,0.00453
5,2005-08-31,-0.035572
5,2005-09-30,0.00118
5,2005-10-31,0.089301
5,2005-11-30,0.044511
5,2005-12-31,0.037647
5,2006-01-31,0.010078
5,2006-02-28,0.034969
5,2006-03-31,0.012154
5,2006-04-30,0.097983
5,2006-05-31,-0.060379
5,2006-06-30,-0.015009
5,2006-07-31,0.094286
5,2006-08-31,0.000877
5,2006-09-30,0.028471
5,2006-10-31,0.017462
5,2006-11-30,-0.024452
5,2006-12-31,0.043647
5,2007-01-31,0.061491
5,2007-02-28,-0.030238
5,2007-03-31,-0.020449
5,2007-04-30,0.083919
5,2007-05-31,-0.005182
5,2007-06-30,-0.065213
5,2007-07-31,-0.083798
5,2007-08-31,0.011588
5,2007-09-30,0.0292
5,2007-10-31,0.034046
5,2007-11-30,-0.029362
5,2007-12-31,-0.043183
5,2008-01-31,0.094616
5,2008-02-29,-0.142405
5,2008-03-31,0.056581
5,2008-04-30,0.118277
5,2008-05-31,-0.097587
5,2008-06-30,-0.202093
5,2008-07-31,0.195278
5,2008-08-31,-0.05267
5,2008-09-30,0.213302
5,2008-10-31,-0.108565
5,2008-11-30,-0.232485
5,2008-12-31,-0.004106
5,2009-01-31,-0.178877
5,2009-02-28,-0.104273
5,2009-03-31,0.163238
5,2009-04-30,0.243416
5,2009-05-31,0.118182
5,2009-06-30,-0.07561
5,2009-07-31,0.134565
5,2009-08-31,0.12445
5,2009-09-30,0.008283
5,2009-10-31,-0.045641
5,2009-11-30,0.017237
5,2009-12-31,-0.019299
5,2010-01-31,-0.064315
5,2010-02-28,0.077812
5,2010-03-31,0.066238
5,2010-04-30,-0.047374
5,2010-05-31,-0.070456
5,2010-06-30,-0.075038
5,2010-07-31,0.101612
5,2010-08-31,-0.097319
5,2010-09-30,0.046755
5,2010-10-31,-0.009984
5,2010-11-30,-0.006112
5,2010-12-31,0.134225
5,2011-01-31,0.060585
5,2011-02-28,0.038941
5,2011-03-31,-0.012637
5,2011-04-30,-0.004772
5,2011-05-31,-0.052378
5,2011-06-30,-0.053192
5,2011-07-31,-0.005862
5,2011-08-31,-0.071446
5,2011-09-30,-0.198083
5,2011-10-31,0.162351
5,2011-11-30,-0.109033
5,2011-12-31,0.07362
5,2012-01-31,0.129323
5,2012-02-29,0.052011
5,2012-03-31,0.171763
5,2012-04-30,-0.058721
5,2012-05-31,-0.228711
5,2012-06-30,0.077828
5,2012-07-31,0.015953
5,2012-08-31,0.031667
5,2012-09-30,0.08993
5,2012-10-31,0.037055
5,2012-11-30,-0.014395
5,2012-12-31,0.070329
5,2013-01-31,0.076893
5,2013-02-28,0.039745
5,2013-03-31,-0.029845
5,2013-04-30,0.03898
5,2013-05-31,0.113854
5,2013-06-30,-0.032973
5,2013-07-31,0.062891
5,2013-08-31,-0.093307
5,2013-09-30,0.022957
5,2013-10-31,0.00445
5,2013-11-30,0.110206
5,2013-12-31,0.02202
5,2014-01-31,-0.046854
5,2014-02-28,0.026373
5,2014-03-31,0.068462
5,2014-04-30,-0.071652
5,2014-05-31,-0.007324
5,2014-06-30,0.03689
5,2014-07-31,0.00781
5,2014-08-31,0.030865
5,2014-09-30,0.013288
5,2014-10-31,0.010624
5,2014-11-30,-0.005291
5,2014-12-31,0.040226
5,2015-01-31,-0.12464
5,2015-02-28,0.126885
5,2015-03-31,-0.011423
5,2015-04-30,0.050842
5,2015-05-31,0.039836
5,2015-06-30,0.0301
5,2015-07-31,0.017857
5,2015-08-31,-0.064643
5,2015-09-30,-0.04883
5,2015-10-31,0.061014
5,2015-11-30,0.037821
5,2015-12-31,-0.009748
5,2016-01-31,-0.092231
5,2016-02-29,-0.053782
5,2016-03-31,0.051865
5,2016-04-30,0.074637
5,2016-05-31,0.032753
5,2016-06-30,-0.047955
5,2016-07-31,0.037174
5,2016-08-31,0.055182
5,2016-09-30,-0.013482
5,2016-10-31,0.047304
5,2016-11-30,0.157522
5,2016-12-31,0.076338
5,2017-01-31,-0.013675
5,2017-02-28,0.070779
5,2017-03-31,-0.030678
5,2017-04-30,-0.003871
5,2017-05-31,-0.055747
5,2017-06-30,0.112599
5,2017-07-31,0.009847
5,2017-08-31,-0.009913
5,2017-09-30,0.050831
5,2017-10-31,0.059261
5,2017-11-30,0.038863
5,2017-12-31,0.023154
5,2018-01-31,0.086871
5,2018-02-28,-0.00147
5,2018-03-31,-0.047879
5,2018-04-30,-0.005729
5,2018-05-31,-0.016271
5,2018-06-30,-0.026259
5,2018-07-31,0.108541
5,2018-08-31,-0.003219
5,2018-09-30,-0.015186
5,2018-10-31,-0.026764
5,2018-11-30,0.019905
5,2018-12-31,-0.122043
5,2019-01-31,0.068429
5,2019-02-28,0.008309
5,2019-03-31,-0.029992
5,2019-04-30,0.154302
5,2019-05-31,-0.086945
5,2019-06-30,0.055115
5,2019-07-31,0.044723
5,2019-08-31,-0.052931
5,2019-09-30,0.071273
5,2019-10-31,0.06908
5,2019-11-30,0.054755
5,2019-12-31,0.057984
5,2020-01-31,-0.044046
5,2020-02-29,-0.122771
5,2020-03-31,-0.224615
5,2020-04-30,0.073642
5,2020-05-31,0.016186
5,2020-06-30,-0.033398
5,2020-07-31,0.036998
5,2020-08-31,0.036734
5,2020-09-30,-0.039126
5,2020-10-31,0.027735
5,2020-11-30,0.202366
5,2020-12-31,0.077961
5,2021-01-31,0.019674
5,2021-02-28,0.143779
5,2021-03-31,0.034382
5,2021-04-30,0.016291
5,2021-05-31,0.067811
5,2021-06-30,-0.052971
5,2021-07-31,-0.018388
5,2021-08-31,0.053828
5,2021-09-30,0.023382
5,2021-10-31,0.043986
5,2021-11-30,-0.065101
5,2021-12-31,-0.003022
